Coiffeur mit Herz;https://images.services.local.ch/bp/logo-ad/c7/c73996001d07ee97f680a1d850fe42fec1739d2e/upload1.jpg?scale=fit&size=140x100&v=2&sig=cf424f4cd72f7118d0d93f41d11f088e62d810ae83ad3462d8c96f14af282d1e
SPA Coiffure-Kosmetik-Solarium;https://images.services.local.ch/bp/localplace-logo/97/97c42bb6497d41c30342b504f6910576459c5fb9/spa.jpg?scale=fit&size=140x100&v=2&sig=b24e44cb567e51308007c055b88fcc8f5fdbb27c8f33c1211dbc5777e5017b98
Arbens Haar Studio;https://images.services.local.ch/bp/info-image-ad/e3/e36cea959fd11f1815aa3f8fea2e8b2e5a1af155/data.jpg?scale=crop&size=140x100&smartcrop=1&v=2&sig=1b7646550a529a0ae94ef05a0f95c26a458d635c5c190ef6eb04837c0bdc85e7
CaroGio Coiffeur;https://images.services.local.ch/bp/localplace-images/cf/cfde0726b45b7680d43e6176d564670e20ec5119/CaroGio1.jpg?scale=crop&size=140x100&smartcrop=1&v=2&sig=14ccdb00f1c0ece65ec2cb34c0aa09361e5dcd1acb3bc8fa42544e26b2e020db
Coiffeur Colette;https://images.services.local.ch/bp/logo-ad/f1/f173fb0eeccae25ec6b816776d86fd27b57a6221/upload1.jpg?scale=fit&size=140x100&v=2&sig=586ac96e1585855d145578d7f8716c09a1f0423f416070aa0eff60078c7bbb7c
Coiffure Carmen;https://images.services.local.ch/bp/localplace-logo/7d/7dff945e7a94e2c6bd0a60d3a534b87bf555dc28/opop.jpg?scale=fit&size=140x100&v=2&sig=6efb037a75ba16c9fa04a65bbc58790290ca7f4ddf4f558fbe179659b65dc646
Coiffure Hairstylist DANIELA;https://images.services.local.ch/bp/localplace-logo/57/5721db1010c05cd0f2c95614a5853de906f7f499/logodaniela.png?scale=fit&size=140x100&v=2&sig=353c2c3a325733aacc94c7faebd58e57bf0ab49411e0965e73dd5f70cd16467f
Coiffure Melodie;https://images.services.local.ch/bp/logo-ad/13/1349481825e88e1935d7fc6a3d04a3604659e3ce/upload1.jpg?scale=fit&size=140x100&v=2&sig=c33acfbc80b95c49b213fe16efc663009e465b653dd24180f8f18afc6dd7864a
Coiffure Villiger GmbH;https://images.services.local.ch/bp/localplace-logo/03/033dcb208f921ac41055b5575aa006eb76d4b227/logo.gif?scale=fit&size=140x100&v=2&sig=5820551a05f905e2f5279b9e9bb7d961139e07d0aa2929a23cad74beb14f23ee
Creative Hairstyle;https://images.services.local.ch/bp/localplace-logo/3d/3d98265f5c9331fb83c25276a35bd548a628d251/g%EF%BF%BD%EF%BF%BDdellogo.png?scale=fit&size=140x100&v=2&sig=c50cf8f5b6044f5a6c8f1ff99f45c4d762d231552c05c513dc11191ea54d738b
